{
    "ViewTheme": {
        "Name": "Standard",
        "Title": "Standard",
        "Description": "This is the standard theme.",
        "UserDescription": "This is the standard theme.",
        "Comment": "",
        "VisualStylesFolder": {
            "Name": "VisualStylesFolder",
            "Comment": "This folder contains the visual styles for this theme.",
            "VisualStyles": [
                {
                    "Name": "Normal",
					"Text": "0x3E3E3E",
					"Background": "0xFFFFFF",
					"Line": "0xE7E7E7",					
                    "HighlightedBG": "0xE7E7E7",
                    "HighlightedLine": "0xC8C8C8"               
                },
                {
                    "Name": "Alarmed",
                    "Text": "0xCC4040",
					"Background": "0xFFFFFF",					
                    "Line": "0xE7E7E7",
                    "HighlightedBG": "0xE7E7E7",
                    "HighlightedLine": "0xC8C8C8",       
                    "Flash": "Yes"
                },
                {
                    "Name": "Editable",
					"Text": "0x4375C5",
					"Background": "0xFFFFFF",					
                    "Line": "0xE7E7E7",
                    "HighlightedBG": "0xE7E7E7",
                    "HighlightedLine": "0xC8C8C8"      
                },
                {
                    "Name": "Link",
					"Text": "0x2B508D",
					"Background": "0xFFFFFF",					
                    "Line": "0xE7E7E7",
                    "HighlightedBG": "0xE7E7E7",
                    "HighlightedLine": "0xC8C8C8"     
                },
                {
                    "Name": "Shady",
                    "Text": "0x3E3E3E",
					"Background": "0xE7E7E7",					
                    "Line": "0xC8C8C8",
                    "HighlightedBG": "0xC8C8C8",
                    "HighlightedLine": "0xAAAAAA"             
                },
				{
              	    "Name": "Dark",              	    
              	    "Text": "0xFFFFFF",
					"Background": "0x008440",
              	    "Line": "0x00BB5B",
              	    "HighlightedBG": "0x006631",
              	    "HighlightedLine": "0x008440"              	    
            	},
                {
                    "Name": "Command",
                    "Text": "0xFFFFFF",		
					"Background": "0x328BFF",					
                    "Line": "0x286ECA",			
					"HighlightedBG": "0x286ECA",					
              	    "HighlightedLine": "0x2361B3"              	    
                },
                {
                    "Name": "ToolTip",
                    "Text": "0xFFFFFF",
					"Background": "0x1A1D35",
                    "Line": "0x1A1D35"
                },
                {
                    "Name": "ExtraStyle1",
                    "Text": "0x000000",
					"Background": "0xFFFFFF",                    
                    "Line": "0xDEE8EB",
                    "HighlightedBG": "0xFFFFFF",
                    "HighlightedLine": "0xDEE8EB",
                    "ActiveBG": "0xFFFFFF",
                    "ActiveLine": "0xDEE8EB",
                    "Flash": "No",
                    "Underline": "No"
                }
            ]
        },
        "FontSizesFolder": {
            "Name": "FontSizesFolder",
            "Comment": "This folder contains the font sizes for this theme.",
            "FontSizes": [
                {
                    "Name": "Small",
                    "Size": "11px",
					"Font": "Cabin_regular",
                    "IconSize": "14px",
                    "Height": "18px"
                },
                {
                    "Name": "Normal",
					"Font": "Cabin_regular",
                    "Size": "12px"
                },
                {
                    "Name": "Medium",
                    "Style": "Bold",
					"Font": "Cabin_bold",
                    "IconSize": "20px",
                    "Height": "28px"
                },
                {
                    "Name": "Large",
                    "Size": "15px",
					"Font": "Cabin_bold",
                    "Style": "Bold",
                    "IconSize": "24px",
                    "Height": "36px"
                },
                {
                    "Name": "XLarge",
                    "Size": "19px",
					"Font": "Cabin_bold",
                    "Style": "Bold",
                    "IconSize": "32px",
                    "Height": "48px"
                },
                {
                    "Name": "NormalList",
                    "Size": "14px",
					"Font": "Cabin_regular",
                    "IconSize": "16px",
                    "Height": "40px"
                },
                {
                    "Name": "MediumList",
                    "Size": "14px",
					"Font": "Cabin_bold",
                    "Style": "Bold",
                    "IconSize": "18px",
                    "Height": "48px"
                },
                {
                    "Name": "LargeList",
                    "Size": "18px",
					"Font": "Lato_regular",
                    "IconSize": "24px",
                    "Height": "75px"
                }
            ]
        },
        "ThemeSizesFolder": {
            "Name": "ThemeSizesFolder",
            "Comment": "This folder contains the font sizes for this theme.",
            "ThemeSizes": [
                {
                    "Name": "NormalListWidth",
                    "Size": "144px"
                },
                {
                    "Name": "MediumListWidth",
                    "Size": "208px"
                },
                {
                    "Name": "LargeListWidth",
                    "Size": "256px"
                },
                {
                    "Name": "NormalListIndention",
                    "Size": "12px"
                },
                {
                    "Name": "NormalListPadding",
                    "Size": "8px"
                },
                {
                    "Name": "MinTouchSize",
                    "Size": "35px"
                }
            ]
        },
        "ThemeColorsFolder": {
            "Name": "ThemeColorsFolder",
            "Comment": "This folder contains the colors for this theme.",
            "ThemeColors": [
                {
                    "Name": "Empty",
                    "Color": "#FFFFC0"
                },
                {
                    "Name": "Error",
                    "Color": "#EA8181"					
                },
                {
                    "Name": "Red",
                    "Color": "#800000"					
                },
                {
                    "Name": "LightRed",
                    "Color": "#FF0000"					
                },
                {
                    "Name": "Green",
                    "Color": "#008000"					
                },
                {
                    "Name": "LightGreen",
                    "Color": "#00FF00"					
                },
                {
                    "Name": "DarkAqua",
                    "Color": "#209090"					
                },
                {
                    "Name": "Blue",
                    "Color": "#000080"					
                },
                {
                    "Name": "LightBlue",
                    "Color": "#0000FF"					
                },
                {
                    "Name": "Cyan",
                    "Color": "#008080"					
                },
                {
                    "Name": "LightCyan",
                    "Color": "#00FFFF"					
                },
                {
                    "Name": "Magenta",
                    "Color": "#800080"					
                },
                {
                    "Name": "LightMagenta",
                    "Color": "#FF00FF"					
                },
                {
                    "Name": "Brown",
                    "Color": "#808000"					
                },
                {
                    "Name": "Olive",
                    "Color": "#808040"					
                },
                {
                    "Name": "Yellow",
                    "Color": "#FFFF00"					
                },
                {
                    "Name": "Black",
                    "Color": "#000000"					
                },
                {
                    "Name": "DarkGray",
                    "Color": "#606060"					
                },
                {
                    "Name": "Gray",
                    "Color": "#808080"					
                },
                {
                    "Name": "LightGray",
                    "Color": "#C0C0C0"					
                },
                {
                    "Name": "White",
                    "Color": "#FFFFFF"					
                },
                {
                    "Name": "PaleDarkRed",
                    "Color": "#C04040"					
                },
                {
                    "Name": "PaleRed",
                    "Color": "#FF8080"					
                },
                {
                    "Name": "PalePink",
                    "Color": "#FFA0C0"					
                },
                {
                    "Name": "PaleOrange",
                    "Color": "#FFC040"					
                },
                {
                    "Name": "PaleDarkPink",
                    "Color": "#C000C0"					
                },
                {
                    "Name": "PaleDarkOrange",
                    "Color": "#FF6020"					
                },
                {
                    "Name": "PaleBrown",
                    "Color": "#C08020"					
                },
                {
                    "Name": "PaleYellow",
                    "Color": "#FFFF80"					
                },
                {
                    "Name": "PaleDarkBlue",
                    "Color": "#4040C0"					
                },
                {
                    "Name": "PaleBlue",
                    "Color": "#8080FF"					
                },
                {
                    "Name": "PaleLightBlue",
                    "Color": "#C0FFFF"					
                },
                {
                    "Name": "PalePurple",
                    "Color": "#C0A0FF"					
                },
                {
                    "Name": "PaleDarkPurple",
                    "Color": "#8040C0"					
                },
                {
                    "Name": "PaleGreen",
                    "Color": "#80C080"					
                },
                {
                    "Name": "PaleDarkGreen",
                    "Color": "#408040"					
                }
            ]
        },
        "ThemeIconsFolder":
        {
            "Name": "ThemeIconsFolder",
            "Comment": "This folder contains the icons for this theme.",
            "ThemeIcons":
            [
              {
                "Name": "MoreCommand",
                "Icon": "Icons/More.svg"
              },
              {
                "Name": "Error",
                "Icon": "Icons/Error.svg"
              },
              {
                "Name": "DropDown",
                "Icon": "Icons/DownArrow.svg"
              },
              {
                "Name": "Close",
                "Icon": "Icons/Close.svg"
              },
			  {
                "Name": "Fullscreen",
                "Icon": "Icons/Fullscreen.svg"
              },
			  {
                "Name": "FullscreenExit",
                "Icon": "Icons/FullscreenExit.svg"
              }



            ]

        },
        "ThemeParametersFolder":
        {
            "Name": "ThemeParametersFolder",
            "Comment": "This folder contains the parameters for this theme.",
            "ThemeParameters":
            [
                {
                    "Name": "MultiHighlightTime",
                    "Value": "2"
                },
				{
                  "Name": "AlwaysShowScrollBars",
                  "Value":  "Yes"
                }
            ]

        }
    }
}

