{
	"variables": [],
	"info": {
		"name": "ArrigoAPI",
		"_postman_id": "6e787118-3509-e1ca-0026-8eb2209aef66",
		"description": "",
		"schema": "https://schema.getpostman.com/json/collection/v2.0.0/collection.json"
	},
	"item": [
		{
			"name": "Login",
			"description": "",
			"item": [
				{
					"name": "Bad credentials",
					"description": "",
					"item": [
						{
							"name": "Access with invalid token",
							"request": {
								"url": "{{url}}/graphql",
								"method": "POST",
								"header": [
									{
										"key": "Authorization",
										"value": "Bearer ThisIsABadToken",
										"type": "text"
									}
								],
								"body": {
									"mode": "raw",
									"raw": "{\n    \"query\": \"{folder {id name}}\"\n}"
								},
								"description": "Posting without credentials"
							},
							"response": []
						},
						{
							"name": "Bad credentials",
							"request": {
								"url": "{{url}}/login",
								"method": "POST",
								"header": [],
								"body": {
									"mode": "raw",
									"raw": "{\n    \"account\": \"Arrigo_wrong\",\n    \"username\": \"Arrigo_wrong\",\n    \"password\": \"Arrigo_wrong\"\n}"
								},
								"description": ""
							},
							"response": []
						},
						{
							"name": "Long bad credentials",
							"request": {
								"url": "{{url}}/login",
								"method": "POST",
								"header": [],
								"body": {
									"mode": "raw",
									"raw": "{\n    \"account\": \"djhdjkwjdw939k3kdkd44555555555555 eeell4394959509==(84¤¤_---djdjdjwekwlwlwlwslslslslslslsl+8+8+499838383883282828282828959696967845454:;:IKUUYTTT?)((/%¤¤¤#¤###########))wowowow\",\n    \"username\": \"djhdjkwjdw939k3kdkd44555555555555 eeell4394959509==(84¤¤_---djdjdjwekwlwlwlwslslslslslslsl+8+8+499838383883282828282828959696967845454:;:IKUUYTTT?)((/%¤¤¤#¤###########))wowowow\",\n    \"password\": \"djhdjkwjdw939k3kdkd44555555555555 eeell4394959509==(84¤¤_---djdjdjwekwlwlwlwslslslslslslsl+8+8+499838383883282828282828959696967845454:;:IKUUYTTT?)((/%¤¤¤#¤###########))wowowow\"\n}"
								},
								"description": ""
							},
							"response": []
						},
						{
							"name": "acc, long bad user, pass",
							"request": {
								"url": "{{url}}/login",
								"method": "POST",
								"header": [],
								"body": {
									"mode": "raw",
									"raw": "{\n    \"account\": \"{{account}}\",\n    \"username\": \"djhdjkwjdw939k3kdkd44555555555555 eeell4394959509==(84¤¤_---djdjdjwekwlwlwlwslslslslslslsl+8+8+499838383883282828282828959696967845454:;:IKUUYTTT?)((/%¤¤¤#¤###########))wowowow\",\n    \"password\": \"{{password}}\"\n}"
								},
								"description": ""
							},
							"response": []
						},
						{
							"name": "acc, user, long bad pass",
							"request": {
								"url": "{{url}}/login",
								"method": "POST",
								"header": [],
								"body": {
									"mode": "raw",
									"raw": "{\n    \"account\": \"{{account}}\",\n    \"username\": \"{{username}}\",\n    \"password\": \"djhdjkwjdw939k3kdkd44555555555555 eeell4394959509==(84¤¤_---djdjdjwekwlwlwlwslslslslslslsl+8+8+499838383883282828282828959696967845454:;:IKUUYTTT?)((/%¤¤¤#¤###########))wowowow\"\n}"
								},
								"description": ""
							},
							"response": []
						},
						{
							"name": "acc, bad user, pass",
							"request": {
								"url": "{{url}}/login",
								"method": "POST",
								"header": [],
								"body": {
									"mode": "raw",
									"raw": "{\n    \"account\": \"{{account}}\",\n    \"username\": \"Arrigo_wrong\",\n    \"password\": \"Arrigo_wrong\"\n}"
								},
								"description": ""
							},
							"response": []
						},
						{
							"name": "acc, user, bad pass",
							"request": {
								"url": "{{url}}/login",
								"method": "POST",
								"header": [],
								"body": {
									"mode": "raw",
									"raw": "{\n    \"account\": \"{{account}}\",\n    \"username\": \"{{username}}\",\n    \"password\": \"Arrigo_wrong\"\n}"
								},
								"description": ""
							},
							"response": []
						},
						{
							"name": "acc, bad user, pass",
							"request": {
								"url": "{{url}}/login",
								"method": "POST",
								"header": [],
								"body": {
									"mode": "raw",
									"raw": "{\n    \"account\": \"{{account}}\",\n    \"username\": \"Arrigo_wrong\",\n    \"password\": \"{{password}}\"\n}"
								},
								"description": ""
							},
							"response": []
						},
						{
							"name": "bad acc, user, bad pass",
							"request": {
								"url": "{{url}}/login",
								"method": "POST",
								"header": [],
								"body": {
									"mode": "raw",
									"raw": "{\n    \"account\": \"Arrigo_wrong\",\n    \"username\": \"{{username}}\",\n    \"password\": \"Arrigo_wrong\"\n}"
								},
								"description": ""
							},
							"response": []
						},
						{
							"name": "bad acc, bad user, pass",
							"request": {
								"url": "{{url}}/login",
								"method": "POST",
								"header": [],
								"body": {
									"mode": "raw",
									"raw": "{\n    \"account\": \"Arrigo_wrong\",\n    \"username\": \"Arrigo_wrong\",\n    \"password\": \"{{password}}\"\n}"
								},
								"description": ""
							},
							"response": []
						},
						{
							"name": "long bad acc, user, bad pass",
							"request": {
								"url": "{{url}}/login",
								"method": "POST",
								"header": [],
								"body": {
									"mode": "raw",
									"raw": "{\n    \"account\": \"djhdjkwjdw939k3kdkd44555555555555 eeell4394959509==(84¤¤_---djdjdjwekwlwlwlwslslslslslslsl+8+8+499838383883282828282828959696967845454:;:IKUUYTTT?)((/%¤¤¤#¤###########))wowowow\",\n    \"username\": \"{{username}}\",\n    \"password\": \"Arrigo_wrong\"\n}"
								},
								"description": ""
							},
							"response": []
						},
						{
							"name": "long bad acc, bad user, pass",
							"request": {
								"url": "{{url}}/login",
								"method": "POST",
								"header": [],
								"body": {
									"mode": "raw",
									"raw": "{\n    \"account\": \"djhdjkwjdw939k3kdkd44555555555555 eeell4394959509==(84¤¤_---djdjdjwekwlwlwlwslslslslslslsl+8+8+499838383883282828282828959696967845454:;:IKUUYTTT?)((/%¤¤¤#¤###########))wowowow\",\n    \"username\": \"Arrigo_wrong\",\n    \"password\": \"{{password}}\"\n}"
								},
								"description": ""
							},
							"response": []
						}
					],
					"_postman_isSubFolder": true
				},
				{
					"name": "Bad Content type",
					"description": "",
					"item": [
						{
							"name": "Text",
							"request": {
								"url": "{{url}}/login",
								"method": "POST",
								"header": [],
								"body": {
									"mode": "raw",
									"raw": "{\n    \"username\": \"djhdjkwjdw939k3kdkd44555555555555 eeell4394959509==(84¤¤_---djdjdjwekwlwlwlwslslslslslslsl+8+8+499838383883282828282828959696967845454:;:IKUUYTTT?)((/%¤¤¤#¤###########))wowowow\",\n\t\"password\": \"939k3kdkd44555555555555 eeell4394959509==(84¤¤_---djdjdjwekwlwlwlwslslslslslslsl+8+8+499838383883282828282828959696967845454:;:IKUUYTTT?)((/%¤¤¤#¤###########))wowowo\",\n}"
								},
								"description": ""
							},
							"response": []
						},
						{
							"name": "HTML",
							"request": {
								"url": "{{url}}/login",
								"method": "POST",
								"header": [],
								"body": {
									"mode": "raw",
									"raw": "{\n    \"username\": \"djhdjkwjdw939k3kdkd44555555555555 eeell4394959509==(84¤¤_---djdjdjwekwlwlwlwslslslslslslsl+8+8+499838383883282828282828959696967845454:;:IKUUYTTT?)((/%¤¤¤#¤###########))wowowow\",\n\t\"password\": \"939k3kdkd44555555555555 eeell4394959509==(84¤¤_---djdjdjwekwlwlwlwslslslslslslsl+8+8+499838383883282828282828959696967845454:;:IKUUYTTT?)((/%¤¤¤#¤###########))wowowo\",\n}"
								},
								"description": ""
							},
							"response": []
						},
						{
							"name": "JavaScript",
							"request": {
								"url": "{{url}}/login",
								"method": "POST",
								"header": [],
								"body": {
									"mode": "raw",
									"raw": "{\n    \"username\": \"djhdjkwjdw939k3kdkd44555555555555 eeell4394959509==(84¤¤_---djdjdjwekwlwlwlwslslslslslslsl+8+8+499838383883282828282828959696967845454:;:IKUUYTTT?)((/%¤¤¤#¤###########))wowowow\",\n\t\"password\": \"939k3kdkd44555555555555 eeell4394959509==(84¤¤_---djdjdjwekwlwlwlwslslslslslslsl+8+8+499838383883282828282828959696967845454:;:IKUUYTTT?)((/%¤¤¤#¤###########))wowowo\",\n}"
								},
								"description": ""
							},
							"response": []
						},
						{
							"name": "XML",
							"request": {
								"url": "{{url}}/login",
								"method": "POST",
								"header": [],
								"body": {
									"mode": "raw",
									"raw": "{\n    \"username\": \"djhdjkwjdw939k3kdkd44555555555555 eeell4394959509==(84¤¤_---djdjdjwekwlwlwlwslslslslslslsl+8+8+499838383883282828282828959696967845454:;:IKUUYTTT?)((/%¤¤¤#¤###########))wowowow\",\n\t\"password\": \"939k3kdkd44555555555555 eeell4394959509==(84¤¤_---djdjdjwekwlwlwlwslslslslslslsl+8+8+499838383883282828282828959696967845454:;:IKUUYTTT?)((/%¤¤¤#¤###########))wowowo\",\n}"
								},
								"description": ""
							},
							"response": []
						}
					],
					"_postman_isSubFolder": true
				},
				{
					"name": "Good login",
					"description": "",
					"item": [
						{
							"name": "Service details",
							"event": [
								{
									"listen": "test",
									"script": {
										"type": "text/javascript",
										"exec": [
											"pm.test('Response contains service data', () => {\r",
											"    let response = pm.response.json();\r",
											"\r",
											"    let isCorrectService = response.service === \"arrigo_login\";\r",
											"    let isAccount = response.account;\r",
											"\r",
											"    pm.expect(isCorrectService).to.be.true;\r",
											"    pm.expect(isAccount).to.be.true;\r",
											"})"
										]
									}
								}
							],
							"request": {
								"url": "{{url}}/login",
								"method": "GET",
								"header": [],
								"body": {
									"mode": "raw",
									"raw": ""
								},
								"description": ""
							},
							"response": []
						},
						{
							"name": "Login with credentials",
							"event": [
								{
									"listen": "test",
									"script": {
										"type": "text/javascript",
										"exec": [
											"pm.test(\"Login response contained tokens\", function () {",
											"    let data = JSON.parse(responseBody);",
											"",
											"    pm.expect(data.authToken).to.not.be.undefined;",
											"    pm.expect(data.refreshToken).to.not.be.undefined;",
											"",
											"    pm.globals.set(\"authToken\", data.authToken);",
											"    pm.globals.set(\"refreshToken\", data.refreshToken);",
											"});",
											"",
											"    ",
											"pm.test(\"Response has correct content type\", () => {",
											"    pm.expect(pm.response).to.have.header('Content-Type', 'application/json');",
											"});"
										]
									}
								}
							],
							"request": {
								"url": "{{url}}/login",
								"method": "POST",
								"header": [],
								"body": {
									"mode": "raw",
									"raw": "{\n    \"account\": \"{{account}}\",\n    \"username\": \"{{username}}\",\n    \"password\": \"{{password}}\"\n}"
								},
								"description": ""
							},
							"response": []
						}
					],
					"_postman_isSubFolder": true
				},
				{
					"name": "Token Juggling",
					"description": "",
					"item": [
						{
							"name": "Query using AuthToken",
							"event": [
								{
									"listen": "test",
									"script": {
										"type": "text/javascript",
										"exec": [
											"pm.test(\"Response has correct content type\", () => {\r",
											"    pm.expect(pm.response).to.have.header('Content-Type', 'application/json; charset=utf-8');\r",
											"});\r",
											"\r",
											"pm.test('Response has body', () => pm.response.to.be.withBody)\r",
											"    \r",
											"pm.test(\"Response is json data\", () => {\r",
											"    pm.response.to.be.json;\r",
											"    pm.response.to.not.have.jsonBody('error');\r",
											"});"
										]
									}
								}
							],
							"request": {
								"url": "{{url}}/graphql",
								"method": "POST",
								"header": [
									{
										"key": "Authorization",
										"type": "text",
										"value": "Ticket {{ticket}}",
										"disabled": true
									}
								],
								"body": {
									"mode": "raw",
									"raw": ""
								},
								"description": ""
							},
							"response": []
						},
						{
							"name": "Refresh tokens",
							"event": [
								{
									"listen": "test",
									"script": {
										"type": "text/javascript",
										"exec": [
											"pm.test(\"Response has correct content type\", () => {\r",
											"    pm.expect(pm.response).to.have.header('Content-Type', 'application/json');\r",
											"});\r",
											"\r",
											"pm.test('Response has body', () => pm.response.to.be.withBody)\r",
											"    \r",
											"pm.test(\"Response is json data\", () => {\r",
											"    pm.response.to.be.json;\r",
											"    pm.response.to.not.have.jsonBody('error');\r",
											"});\r",
											"\r",
											"let body = pm.response.json();\r",
											"\r",
											"pm.test('Reponse contains tokens', () => {\r",
											"    pm.expect(body.authToken).to.not.be.undefined;\r",
											"    pm.expect(body.refreshToken).to.not.be.undefined;\r",
											"});\r",
											"\r",
											"pm.test('Response tokens are unique', () => {\r",
											"    pm.expect(body.authToken).to.not.equal(pm.environment.get('authToken'));\r",
											"    pm.expect(body.refreshToken).to.not.equal(pm.environment.get('refreshToken'));\r",
											"});\r",
											"\r",
											"pm.globals.set('authToken', body.authToken);\r",
											"pm.globals.set('refreshToken', body.refreshToken);"
										]
									}
								}
							],
							"request": {
								"url": "{{url}}/login/refresh",
								"method": "POST",
								"header": [],
								"body": {
									"mode": "raw",
									"raw": "{\r\n    \"refreshToken\": \"{{refreshToken}}\"\r\n}"
								},
								"description": ""
							},
							"response": []
						},
						{
							"name": "Verify tokens",
							"event": [
								{
									"listen": "test",
									"script": {
										"type": "text/javascript",
										"exec": [
											"pm.test('Response without body', () => pm.response.to.not.be.withBody)\r",
											"    \r",
											"pm.test(\"Response no data\", () => {\r",
											"    pm.response.to.not.be.json;\r",
											"    pm.response.to.not.have.jsonBody('error');\r",
											"});"
										]
									}
								}
							],
							"request": {
								"url": "{{url}}/login/verify",
								"method": "POST",
								"header": [],
								"body": {
									"mode": "raw",
									"raw": ""
								},
								"description": ""
							},
							"response": []
						}
					],
					"_postman_isSubFolder": true
				}
			]
		},
		{
			"name": "Other",
			"description": "",
			"item": [
				{
					"name": "/tests route",
					"event": [
						{
							"listen": "test",
							"script": {
								"type": "text/javascript",
								"exec": [
									"pm.test(\"Response is ok\", () => pm.response.to.be.success);\r",
									"pm.test(\"Response has correct content type\", () => pm.expect(pm.response).to.have.header('content-type', 'text/html'));\r",
									"pm.test(\"Response content is expected\", () => {\r",
									"    let resLenght = pm.response.text().length;\r",
									"    let expected = resLenght === 0 || resLenght > 500;\r",
									"    pm.expect(resLenght).to.not.be.NaN;\r",
									"    pm.expect(expected).to.be.true;\r",
									"})"
								]
							}
						}
					],
					"request": {
						"url": "{{url}}/tests",
						"method": "GET",
						"header": [],
						"body": {
							"mode": "raw",
							"raw": ""
						},
						"description": ""
					},
					"response": []
				}
			]
		},
		{
			"name": "Queries",
			"description": "",
			"item": [
				{
					"name": "Schema verification - Might continue this line of thought",
					"description": "",
					"item": [
						{
							"name": "Connection Types",
							"description": "",
							"item": [
								{
									"name": "AccessLevel",
									"request": {
										"url": "{{url}}/graphql",
										"method": "POST",
										"header": [],
										"body": {
											"mode": "raw",
											"raw": "{{body}}"
										},
										"description": ""
									},
									"response": []
								},
								{
									"name": "AdminLevel",
									"request": {
										"url": "{{url}}/graphql",
										"method": "POST",
										"header": [],
										"body": {
											"mode": "raw",
											"raw": "{{body}}"
										},
										"description": ""
									},
									"response": []
								},
								{
									"name": "Application",
									"request": {
										"url": "{{url}}/graphql",
										"method": "POST",
										"header": [],
										"body": {
											"mode": "raw",
											"raw": "{{body}}"
										},
										"description": ""
									},
									"response": []
								},
								{
									"name": "AreaHistory",
									"request": {
										"url": "{{url}}/graphql",
										"method": "POST",
										"header": [],
										"body": {
											"mode": "raw",
											"raw": "{{body}}"
										},
										"description": ""
									},
									"response": []
								},
								{
									"name": "Area",
									"request": {
										"url": "{{url}}/graphql",
										"method": "POST",
										"header": [],
										"body": {
											"mode": "raw",
											"raw": "{{body}}"
										},
										"description": ""
									},
									"response": []
								},
								{
									"name": "ArrigoConnectServer",
									"request": {
										"url": "{{url}}/graphql",
										"method": "POST",
										"header": [],
										"body": {
											"mode": "raw",
											"raw": "{{body}}"
										},
										"description": ""
									},
									"response": []
								},
								{
									"name": "BuildingType",
									"request": {
										"url": "{{url}}/graphql",
										"method": "POST",
										"header": [],
										"body": {
											"mode": "raw",
											"raw": "{{body}}"
										},
										"description": ""
									},
									"response": []
								},
								{
									"name": "Building",
									"request": {
										"url": "{{url}}/graphql",
										"method": "POST",
										"header": [],
										"body": {
											"mode": "raw",
											"raw": "{{body}}"
										},
										"description": ""
									},
									"response": []
								},
								{
									"name": "ClimateCity",
									"request": {
										"url": "{{url}}/graphql",
										"method": "POST",
										"header": [],
										"body": {
											"mode": "raw",
											"raw": "{{body}}"
										},
										"description": ""
									},
									"response": []
								},
								{
									"name": "ClimateDataNormalYear",
									"request": {
										"url": "{{url}}/graphql",
										"method": "POST",
										"header": [],
										"body": {
											"mode": "raw",
											"raw": "{{body}}"
										},
										"description": ""
									},
									"response": []
								},
								{
									"name": "ClimateData",
									"request": {
										"url": "{{url}}/graphql",
										"method": "POST",
										"header": [],
										"body": {
											"mode": "raw",
											"raw": "{{body}}"
										},
										"description": ""
									},
									"response": []
								},
								{
									"name": "Credential",
									"request": {
										"url": "{{url}}/graphql",
										"method": "POST",
										"header": [],
										"body": {
											"mode": "raw",
											"raw": "{{body}}"
										},
										"description": ""
									},
									"response": []
								},
								{
									"name": "Consumption",
									"request": {
										"url": "{{url}}/graphql",
										"method": "POST",
										"header": [],
										"body": {
											"mode": "raw",
											"raw": "{{body}}"
										},
										"description": ""
									},
									"response": []
								},
								{
									"name": "Currency",
									"request": {
										"url": "{{url}}/graphql",
										"method": "POST",
										"header": [],
										"body": {
											"mode": "raw",
											"raw": "{{body}}"
										},
										"description": ""
									},
									"response": []
								},
								{
									"name": "EnergyPriceList",
									"request": {
										"url": "{{url}}/graphql",
										"method": "POST",
										"header": [],
										"body": {
											"mode": "raw",
											"raw": "{{body}}"
										},
										"description": ""
									},
									"response": []
								},
								{
									"name": "EnergyType",
									"request": {
										"url": "{{url}}/graphql",
										"method": "POST",
										"header": [],
										"body": {
											"mode": "raw",
											"raw": "{{body}}"
										},
										"description": ""
									},
									"response": []
								},
								{
									"name": "MeterFunction",
									"request": {
										"url": "{{url}}/graphql",
										"method": "POST",
										"header": [],
										"body": {
											"mode": "raw",
											"raw": "{{body}}"
										},
										"description": ""
									},
									"response": []
								},
								{
									"name": "MeterType",
									"request": {
										"url": "{{url}}/graphql",
										"method": "POST",
										"header": [],
										"body": {
											"mode": "raw",
											"raw": "{{body}}"
										},
										"description": ""
									},
									"response": []
								},
								{
									"name": "MeterUnit",
									"request": {
										"url": "{{url}}/graphql",
										"method": "POST",
										"header": [],
										"body": {
											"mode": "raw",
											"raw": "{{body}}"
										},
										"description": ""
									},
									"response": []
								},
								{
									"name": "MeterValue",
									"request": {
										"url": "{{url}}/graphql",
										"method": "POST",
										"header": [],
										"body": {
											"mode": "raw",
											"raw": "{{body}}"
										},
										"description": ""
									},
									"response": []
								},
								{
									"name": "Meter",
									"request": {
										"url": "{{url}}/graphql",
										"method": "POST",
										"header": [],
										"body": {
											"mode": "raw",
											"raw": "{{body}}"
										},
										"description": ""
									},
									"response": []
								},
								{
									"name": "THmeter",
									"request": {
										"url": "{{url}}/graphql",
										"method": "POST",
										"header": [],
										"body": {
											"mode": "raw",
											"raw": "{{body}}"
										},
										"description": ""
									},
									"response": []
								},
								{
									"name": "User",
									"request": {
										"url": "{{url}}/graphql",
										"method": "POST",
										"header": [],
										"body": {
											"mode": "raw",
											"raw": "{{body}}"
										},
										"description": ""
									},
									"response": []
								},
								{
									"name": "UserRole",
									"request": {
										"url": "{{url}}/graphql",
										"method": "POST",
										"header": [],
										"body": {
											"mode": "raw",
											"raw": "{{body}}"
										},
										"description": ""
									},
									"response": []
								}
							],
							"_postman_isSubFolder": true
						},
						{
							"name": "Connection Args",
							"event": [
								{
									"listen": "test",
									"script": {
										"type": "text/javascript",
										"exec": [
											"let response = pm.response.json();\r",
											"\r",
											"let connections = response.data.__schema.queryType.fields.filter(queryType => {\r",
											"    let name = queryType.type.ofType && queryType.type.ofType.name || '';\r",
											"    return name.endsWith('sConnection')\r",
											"});\r",
											"//console.log(connections.length) //24 connections at time of writing (05/August/2020)\r",
											"\r",
											"let edgeOutliers = new Set();\r",
											"let pageInfoOutliers = new Set();\r",
											"let fieldsOutliers = new Set();\r",
											"\r",
											"let fields = ['before', 'after', 'first', 'last', 'filter', 'orderby'];\r",
											"connections.forEach(conn => {\r",
											"    //All Connection types have the default input parameters\r",
											"    let argNames = conn.args.map(({name}) => name);\r",
											"\r",
											"    fields.forEach(field => {\r",
											"        if (!argNames.includes(field)) {\r",
											"            fieldsOutliers.add(conn);\r",
											"        }\r",
											"    });\r",
											"\r",
											"    let returnFields = conn.type.ofType.fields.map(({name}) => name);\r",
											"    if (!returnFields.includes('edges')) {\r",
											"        edgeOutliers.add(conn);\r",
											"    }\r",
											"    if (!returnFields.includes('pageInfo')) {\r",
											"        pageInfoOutliers.add(conn);\r",
											"    }\r",
											"});\r",
											"\r",
											"pm.test('All connections have edge return type', () => pm.expect(edgeOutliers.size === 0).to.be.true);\r",
											"pm.test('All Connections have pageInfo return type', () => pm.expect(pageInfoOutliers.size === 0).to.be.true);\r",
											"pm.test('All Connections have default sort arguments', () => pm.expect(fieldsOutliers.size === 0).to.be.true);"
										]
									}
								}
							],
							"request": {
								"url": "{{url}}/graphql",
								"method": "POST",
								"header": [],
								"body": {
									"mode": "raw",
									"raw": ""
								},
								"description": ""
							},
							"response": []
						}
					],
					"_postman_isSubFolder": true
				},
				{
					"name": "Folder",
					"description": "",
					"item": [
						{
							"name": "Filtering",
							"description": "",
							"item": [
								{
									"name": "Folder",
									"request": {
										"url": "{{url}}/graphql",
										"method": "POST",
										"header": [],
										"body": {
											"mode": "raw",
											"raw": "{{body}}"
										},
										"description": ""
									},
									"response": []
								},
								{
									"name": "Building",
									"request": {
										"url": "{{url}}/graphql",
										"method": "POST",
										"header": [],
										"body": {
											"mode": "raw",
											"raw": "{{body}}"
										},
										"description": ""
									},
									"response": []
								},
								{
									"name": "Meter",
									"request": {
										"url": "{{url}}/graphql",
										"method": "POST",
										"header": [],
										"body": {
											"mode": "raw",
											"raw": "{{body}}"
										},
										"description": ""
									},
									"response": []
								},
								{
									"name": "MeterTree",
									"request": {
										"url": "{{url}}/graphql",
										"method": "POST",
										"header": [],
										"body": {
											"mode": "raw",
											"raw": "{{body}}"
										},
										"description": ""
									},
									"response": []
								},
								{
									"name": "Object",
									"request": {
										"url": "{{url}}/graphql",
										"method": "POST",
										"header": [],
										"body": {
											"mode": "raw",
											"raw": "{{body}}"
										},
										"description": ""
									},
									"response": []
								},
								{
									"name": "ObjectTree",
									"request": {
										"url": "{{url}}/graphql",
										"method": "POST",
										"header": [],
										"body": {
											"mode": "raw",
											"raw": "{{body}}"
										},
										"description": ""
									},
									"response": []
								}
							],
							"_postman_isSubFolder": true
						},
						{
							"name": "Verify Account/root level folder",
							"event": [
								{
									"listen": "test",
									"script": {
										"type": "text/javascript",
										"exec": [
											"var folder = pm.response.json().data.folder;",
											"",
											"pm.test(\"Folder not null\", () => pm.expect(folder).to.not.be.null);",
											"",
											"pm.test(\"Folders not null\", () => pm.expect(folder.folders).to.not.be.null);",
											"",
											"pm.test(\"__typename to be 'Account'\", () => pm.expect(folder.__typename).to.eql(\"Account\"));",
											"",
											"pm.test(\"parent is null\", () => pm.expect(folder.parent).to.be.null);",
											"",
											"pm.test(\"Subfolders exist\", () => {",
											"    pm.expect(folder.folders.totalCount).to.be.a('number');",
											"    pm.expect(folder.folders.totalCount).to.be.above(0);",
											"});",
											"",
											"pm.test(\"totalCount to be accurate\", () => pm.expect(folder.folders.edges.length).to.be.equal(folder.folders.totalCount));"
										]
									}
								}
							],
							"request": {
								"url": "{{url}}/graphql",
								"method": "POST",
								"header": [],
								"body": {
									"mode": "raw",
									"raw": ""
								},
								"description": ""
							},
							"response": []
						},
						{
							"name": "Pagination",
							"event": [
								{
									"listen": "test",
									"script": {
										"type": "text/javascript",
										"exec": [
											"const pageSize = JSON.parse(pm.globals.get('pageSize'));\r",
											"const pageInfo = JSON.parse(pm.globals.get('pageInfo'));\r",
											"const cursors = JSON.parse(pm.globals.get('cursors'));\r",
											"const resp = pm.response.json().data;\r",
											"\r",
											"function CheckPI({startCursor, endCursor, hasNextPage, hasPreviousPage}, edges, next, prev, expPS) {\r",
											"    pm.expect(edges.length).to.be.equal(expPS);\r",
											"    \r",
											"    if (edges.length > 0) {\r",
											"        pm.expect(startCursor === edges[0].cursor).to.be.true;\r",
											"        pm.expect(endCursor === edges[edges.length - 1].cursor).to.be.true;\r",
											"    }\r",
											"    pm.expect(next).to.be.equal(hasNextPage);\r",
											"    pm.expect(prev).to.be.equal(hasPreviousPage);\r",
											"}\r",
											"\r",
											"\r",
											"if (pageSize !== 0) {\r",
											"    pm.test(`Folder pagination is valid`, () => {\r",
											"        pm.expect(!!pageSize).to.be.true; //more than 2 edges\r",
											"        CheckPI(pageInfo, cursors.map(cursor => ({ cursor })), false, false, cursors.length);\r",
											"    });\r",
											"    \r",
											"    pm.test(`First ${pageSize} items`, () => {\r",
											"        const {edges, pageInfo} = resp.first.folders;\r",
											"        let newPage = pageSize <= cursors.length - 2;\r",
											"\r",
											"        CheckPI(pageInfo, edges, newPage, false, pageSize);\r",
											"        pm.expect(edges.map(({cursor}) => cursor)).to.deep.equal(cursors.slice(1, pageSize + 1));\r",
											"    });\r",
											"\r",
											"    pm.test(`Last ${pageSize} items`, () => {\r",
											"        const {edges, pageInfo} = resp.last.folders;\r",
											"        let prevPage = pageSize <= cursors.length - 2;\r",
											"\r",
											"        CheckPI(pageInfo, edges, false, prevPage, pageSize);\r",
											"        pm.expect(edges.map(({cursor}) => cursor)).to.deep.equal(\r",
											"            cursors.slice(cursors.length - 1 - pageSize, cursors.length - 1));\r",
											"       \r",
											"    });\r",
											"\r",
											"    pm.test('After last is empty', () => {\r",
											"        const {edges, pageInfo} = resp.afterLast.folders;\r",
											"        CheckPI(pageInfo, edges, false, false, 0);\r",
											"    })\r",
											"\r",
											"    pm.test('Before first is empty', () => {\r",
											"        const {edges, pageInfo} = resp.beforeFirst.folders;\r",
											"        CheckPI(pageInfo, edges, false, false, 0);\r",
											"    })\r",
											"} else {\r",
											"    pm.test(`Folder lacks edges but valid structure`, () => {\r",
											"        CheckPI(pageInfo, [], false, false, 0);\r",
											"        pm.expect(pageSize).to.be.equal(0);\r",
											"    });\r",
											"}\r",
											"\r",
											"pm.test(\"Response time is acceptable\", () => {\r",
											"    pm.expect(pm.response.responseTime).to.be.below(pm.environment.get('resTime')*4);\r",
											"});"
										]
									}
								},
								{
									"listen": "prerequest",
									"script": {
										"type": "text/javascript",
										"exec": [
											"const body = { query: `{folder{folders{edges{cursor} pageInfo{startCursor endCursor hasNextPage hasPreviousPage}}}}` };\r",
											"\r",
											"const preRequest = {\r",
											"    url: pm.environment.get('url') + '/graphql',\r",
											"    method: 'POST',\r",
											"    header: {\r",
											"        'Authorization': 'Bearer ' + pm.globals.get('authToken'),\r",
											"        \"Content-Type\": \"application/json\"\r",
											"    },\r",
											"    body: {\r",
											"        mode: 'raw',\r",
											"        raw: JSON.stringify(body)\r",
											"    }\r",
											"}\r",
											"\r",
											"pm.sendRequest(preRequest, (err, res) => {\r",
											"    if (err) console.log(err);\r",
											"    const {pageInfo, edges} = res.json().data.folder.folders;\r",
											"    const cursors = edges.map(({cursor}) => cursor);\r",
											"    const count = Math.floor(cursors.length * 0.5);\r",
											"    \r",
											"    pm.globals.set('pageSize', count);\r",
											"    pm.globals.set('pageInfo', JSON.stringify(pageInfo));\r",
											"    pm.globals.set(\"cursors\", JSON.stringify(cursors));\r",
											"\r",
											"    const queryBody = '{edges{cursor}pageInfo{startCursor endCursor hasNextPage hasPreviousPage}}'\r",
											"    const queries = []\r",
											"    queries.push(`first:folder{folders(first:${count},after:\"${pageInfo.startCursor}\")${queryBody}}`)\r",
											"    queries.push(`last :folder{folders(last: ${count},before:\"${pageInfo.endCursor}\") ${queryBody}}`);\r",
											"    queries.push(`beforeFirst:folder{folders(last:${count},before:\"${pageInfo.startCursor}\")${queryBody}}`);\r",
											"    queries.push(`afterLast:folder{folders(first:${count},after:\"${pageInfo.endCursor}\")${queryBody}}`);\r",
											"\r",
											"    pm.globals.set('body', JSON.stringify({ query: `{ ${queries.join(' ')} }` }));\r",
											"});\r",
											""
										]
									}
								}
							],
							"request": {
								"url": "{{url}}/graphql",
								"method": "POST",
								"header": [],
								"body": {
									"mode": "raw",
									"raw": "{{body}}"
								},
								"description": ""
							},
							"response": []
						}
					],
					"_postman_isSubFolder": true
				},
				{
					"name": "User",
					"description": "",
					"item": [
						{
							"name": "Query Self",
							"event": [
								{
									"listen": "test",
									"script": {
										"type": "text/javascript",
										"exec": [
											"let user = pm.response.json().data.User;\r",
											"\r",
											"pm.test('Verify all properties', () => {\r",
											"    Object.values(user).forEach(value => pm.expect(value).to.not.be.null);\r",
											"});\r",
											"\r",
											"pm.test(\"Login equals \" + pm.environment.get('username'), () => {\r",
											"    pm.expect(user.login).to.be.equal(pm.environment.get('username'));\r",
											"});\r",
											"\r",
											"pm.test(\"fullName is concatenated correctly\", () => {\r",
											"    pm.expect(user.fullName).to.be.equal(user.firstName + ' ' + user.surname);\r",
											"});\r",
											"\r",
											"pm.test(\"User has password\", () => pm.expect(user.hashExists).to.be.true);\r",
											"\r",
											"pm.globals.set('userID', user.id);"
										]
									}
								}
							],
							"request": {
								"url": "{{url}}/graphql",
								"method": "POST",
								"header": [],
								"body": {
									"mode": "raw",
									"raw": ""
								},
								"description": ""
							},
							"response": []
						},
						{
							"name": "Verify password",
							"event": [
								{
									"listen": "test",
									"script": {
										"type": "text/javascript",
										"exec": [
											"pm.test('Verify password', () => pm.expect(pm.response.json().data.ValidatePassword).to.be.true);\r",
											"\r",
											"pm.test('Response is boolean', () => pm.expect(pm.response.json().data.ValidatePassword).to.be.a('boolean'));\r",
											""
										]
									}
								}
							],
							"request": {
								"url": "{{url}}/graphql",
								"method": "POST",
								"header": [],
								"body": {
									"mode": "raw",
									"raw": ""
								},
								"description": ""
							},
							"response": []
						}
					],
					"_postman_isSubFolder": true
				},
				{
					"name": "Develop",
					"description": "",
					"item": [
						{
							"name": "Settings",
							"event": [
								{
									"listen": "test",
									"script": {
										"type": "text/javascript",
										"exec": [
											"let API = pm.response.json().data.API;\r",
											"\r",
											"pm.test('Verify all properties', () => {\r",
											"    Object.values(API).forEach(value => pm.expect(value).to.not.be.null);\r",
											"});\r",
											"\r",
											"pm.test(\"Branch is not null\", () => pm.expect(API.BRANCH).to.not.be.null);\r",
											"\r",
											"pm.test(\"Are we running the correct build?\", () => pm.expect(API.BRANCH).to.be.equal(pm.environment.get('branch')));\r",
											"\r",
											"pm.test(\"Port is a number\", () => pm.expect(API.PORT).to.be.a('number'));"
										]
									}
								}
							],
							"request": {
								"url": "{{url}}/graphql",
								"method": "POST",
								"header": [],
								"body": {
									"mode": "raw",
									"raw": ""
								},
								"description": ""
							},
							"response": []
						},
						{
							"name": "DecodeID",
							"event": [
								{
									"listen": "test",
									"script": {
										"type": "text/javascript",
										"exec": [
											"let uid = pm.response.json().data.decodeID[0];\r",
											"\r",
											"pm.test('Verify all properties', () => {\r",
											"    Object.values(uid).forEach(value => pm.expect(value).to.not.be.null);\r",
											"});\r",
											"\r",
											"\r",
											"pm.test(\"__typename is equal to UID\", () => pm.expect(uid.__typename).to.be.equal('UID'));\r",
											"\r",
											"pm.test(\"id is a number\", () => pm.expect(uid.id).to.be.a('number'));\r",
											"\r",
											"pm.test(\"Account is equal to \" + pm.environment.get('account'), () => pm.expect(uid.account).to.be.equal( pm.environment.get('account')));\r",
											"\r",
											"pm.test(\"Entity is equal to User\", () => pm.expect(uid.entity).to.be.equal('User'));"
										]
									}
								}
							],
							"request": {
								"url": "{{url}}/graphql",
								"method": "POST",
								"header": [],
								"body": {
									"mode": "raw",
									"raw": ""
								},
								"description": ""
							},
							"response": []
						}
					],
					"_postman_isSubFolder": true
				},
				{
					"name": "Connections",
					"description": "",
					"item": [
						{
							"name": "OrderBy enums",
							"description": "",
							"item": [
								{
									"name": "AccessLevel",
									"request": {
										"url": "{{url}}/graphql",
										"method": "POST",
										"header": [],
										"body": {
											"mode": "raw",
											"raw": "{{body}}"
										},
										"description": ""
									},
									"response": []
								},
								{
									"name": "AdminLevel",
									"request": {
										"url": "{{url}}/graphql",
										"method": "POST",
										"header": [],
										"body": {
											"mode": "raw",
											"raw": "{{body}}"
										},
										"description": ""
									},
									"response": []
								},
								{
									"name": "Application",
									"request": {
										"url": "{{url}}/graphql",
										"method": "POST",
										"header": [],
										"body": {
											"mode": "raw",
											"raw": "{{body}}"
										},
										"description": ""
									},
									"response": []
								},
								{
									"name": "AreaHistory",
									"request": {
										"url": "{{url}}/graphql",
										"method": "POST",
										"header": [],
										"body": {
											"mode": "raw",
											"raw": "{{body}}"
										},
										"description": ""
									},
									"response": []
								},
								{
									"name": "Area",
									"request": {
										"url": "{{url}}/graphql",
										"method": "POST",
										"header": [],
										"body": {
											"mode": "raw",
											"raw": "{{body}}"
										},
										"description": ""
									},
									"response": []
								},
								{
									"name": "ArrigoConnectServer",
									"request": {
										"url": "{{url}}/graphql",
										"method": "POST",
										"header": [],
										"body": {
											"mode": "raw",
											"raw": "{{body}}"
										},
										"description": ""
									},
									"response": []
								},
								{
									"name": "BuildingType",
									"request": {
										"url": "{{url}}/graphql",
										"method": "POST",
										"header": [],
										"body": {
											"mode": "raw",
											"raw": "{{body}}"
										},
										"description": ""
									},
									"response": []
								},
								{
									"name": "Building",
									"request": {
										"url": "{{url}}/graphql",
										"method": "POST",
										"header": [],
										"body": {
											"mode": "raw",
											"raw": "{{body}}"
										},
										"description": ""
									},
									"response": []
								},
								{
									"name": "ClimateCity",
									"request": {
										"url": "{{url}}/graphql",
										"method": "POST",
										"header": [],
										"body": {
											"mode": "raw",
											"raw": "{{body}}"
										},
										"description": ""
									},
									"response": []
								},
								{
									"name": "ClimateDataNormalYear",
									"request": {
										"url": "{{url}}/graphql",
										"method": "POST",
										"header": [],
										"body": {
											"mode": "raw",
											"raw": "{{body}}"
										},
										"description": ""
									},
									"response": []
								},
								{
									"name": "ClimateData",
									"request": {
										"url": "{{url}}/graphql",
										"method": "POST",
										"header": [],
										"body": {
											"mode": "raw",
											"raw": "{{body}}"
										},
										"description": ""
									},
									"response": []
								},
								{
									"name": "Consumption",
									"event": [
										{
											"listen": "prerequest",
											"script": {
												"type": "text/javascript",
												"exec": [
													"let body = JSON.parse(pm.globals.get('body'));\r",
													"body.query = body.query.replace(/Consumptions\\(/g, 'Consumptions(filter:{folderID: \"YXBpX2RldmVsb3BfQnVpbGRpbmdfNDc1\"}, ');\r",
													"pm.globals.set('body', JSON.stringify(body));"
												]
											}
										}
									],
									"request": {
										"url": "{{url}}/graphql",
										"method": "POST",
										"header": [],
										"body": {
											"mode": "raw",
											"raw": "{{body}}"
										},
										"description": ""
									},
									"response": []
								},
								{
									"name": "Credential",
									"request": {
										"url": "{{url}}/graphql",
										"method": "POST",
										"header": [],
										"body": {
											"mode": "raw",
											"raw": "{{body}}"
										},
										"description": ""
									},
									"response": []
								},
								{
									"name": "Currency",
									"request": {
										"url": "{{url}}/graphql",
										"method": "POST",
										"header": [],
										"body": {
											"mode": "raw",
											"raw": "{{body}}"
										},
										"description": ""
									},
									"response": []
								},
								{
									"name": "EnergyPriceList",
									"request": {
										"url": "{{url}}/graphql",
										"method": "POST",
										"header": [],
										"body": {
											"mode": "raw",
											"raw": "{{body}}"
										},
										"description": ""
									},
									"response": []
								},
								{
									"name": "EnergyType",
									"request": {
										"url": "{{url}}/graphql",
										"method": "POST",
										"header": [],
										"body": {
											"mode": "raw",
											"raw": "{{body}}"
										},
										"description": ""
									},
									"response": []
								},
								{
									"name": "MeterFunction",
									"request": {
										"url": "{{url}}/graphql",
										"method": "POST",
										"header": [],
										"body": {
											"mode": "raw",
											"raw": "{{body}}"
										},
										"description": ""
									},
									"response": []
								},
								{
									"name": "MeterType",
									"request": {
										"url": "{{url}}/graphql",
										"method": "POST",
										"header": [],
										"body": {
											"mode": "raw",
											"raw": "{{body}}"
										},
										"description": ""
									},
									"response": []
								},
								{
									"name": "MeterUnit",
									"request": {
										"url": "{{url}}/graphql",
										"method": "POST",
										"header": [],
										"body": {
											"mode": "raw",
											"raw": "{{body}}"
										},
										"description": ""
									},
									"response": []
								},
								{
									"name": "MeterValue",
									"request": {
										"url": "{{url}}/graphql",
										"method": "POST",
										"header": [],
										"body": {
											"mode": "raw",
											"raw": "{{body}}"
										},
										"description": ""
									},
									"response": []
								},
								{
									"name": "Meter",
									"request": {
										"url": "{{url}}/graphql",
										"method": "POST",
										"header": [],
										"body": {
											"mode": "raw",
											"raw": "{{body}}"
										},
										"description": ""
									},
									"response": []
								},
								{
									"name": "THmeter",
									"request": {
										"url": "{{url}}/graphql",
										"method": "POST",
										"header": [],
										"body": {
											"mode": "raw",
											"raw": "{{body}}"
										},
										"description": ""
									},
									"response": []
								},
								{
									"name": "User",
									"request": {
										"url": "{{url}}/graphql",
										"method": "POST",
										"header": [],
										"body": {
											"mode": "raw",
											"raw": "{{body}}"
										},
										"description": ""
									},
									"response": []
								},
								{
									"name": "UserRole",
									"request": {
										"url": "{{url}}/graphql",
										"method": "POST",
										"header": [],
										"body": {
											"mode": "raw",
											"raw": "{{body}}"
										},
										"description": ""
									},
									"response": []
								}
							],
							"_postman_isSubFolder": true
						},
						{
							"name": "Pagination",
							"description": "",
							"item": [
								{
									"name": "AccessLevel",
									"event": [
										{
											"listen": "prerequest",
											"script": {
												"type": "text/javascript",
												"exec": [
													"\r",
													""
												]
											}
										}
									],
									"request": {
										"url": "{{url}}/graphql",
										"method": "POST",
										"header": [],
										"body": {
											"mode": "raw",
											"raw": "{{body}}"
										},
										"description": ""
									},
									"response": []
								},
								{
									"name": "AdminLevel",
									"request": {
										"url": "{{url}}/graphql",
										"method": "POST",
										"header": [],
										"body": {
											"mode": "raw",
											"raw": "{{body}}"
										},
										"description": ""
									},
									"response": []
								},
								{
									"name": "Application",
									"request": {
										"url": "{{url}}/graphql",
										"method": "POST",
										"header": [],
										"body": {
											"mode": "raw",
											"raw": "{{body}}"
										},
										"description": ""
									},
									"response": []
								},
								{
									"name": "AreaHistory",
									"request": {
										"url": "{{url}}/graphql",
										"method": "POST",
										"header": [],
										"body": {
											"mode": "raw",
											"raw": "{{body}}"
										},
										"description": ""
									},
									"response": []
								},
								{
									"name": "Area",
									"request": {
										"url": "{{url}}/graphql",
										"method": "POST",
										"header": [],
										"body": {
											"mode": "raw",
											"raw": "{{body}}"
										},
										"description": ""
									},
									"response": []
								},
								{
									"name": "ArrigoConnectServer",
									"request": {
										"url": "{{url}}/graphql",
										"method": "POST",
										"header": [],
										"body": {
											"mode": "raw",
											"raw": "{{body}}"
										},
										"description": ""
									},
									"response": []
								},
								{
									"name": "BuildingType",
									"request": {
										"url": "{{url}}/graphql",
										"method": "POST",
										"header": [],
										"body": {
											"mode": "raw",
											"raw": "{{body}}"
										},
										"description": ""
									},
									"response": []
								},
								{
									"name": "Building",
									"request": {
										"url": "{{url}}/graphql",
										"method": "POST",
										"header": [],
										"body": {
											"mode": "raw",
											"raw": "{{body}}"
										},
										"description": ""
									},
									"response": []
								},
								{
									"name": "ClimateCity",
									"request": {
										"url": "{{url}}/graphql",
										"method": "POST",
										"header": [],
										"body": {
											"mode": "raw",
											"raw": "{{body}}"
										},
										"description": ""
									},
									"response": []
								},
								{
									"name": "ClimateDataNormalYear",
									"request": {
										"url": "{{url}}/graphql",
										"method": "POST",
										"header": [],
										"body": {
											"mode": "raw",
											"raw": "{{body}}"
										},
										"description": ""
									},
									"response": []
								},
								{
									"name": "ClimateData",
									"request": {
										"url": "{{url}}/graphql",
										"method": "POST",
										"header": [],
										"body": {
											"mode": "raw",
											"raw": "{{body}}"
										},
										"description": ""
									},
									"response": []
								},
								{
									"name": "Credential",
									"request": {
										"url": "{{url}}/graphql",
										"method": "POST",
										"header": [],
										"body": {
											"mode": "raw",
											"raw": "{{body}}"
										},
										"description": ""
									},
									"response": []
								},
								{
									"name": "Consumption",
									"event": [
										{
											"listen": "prerequest",
											"script": {
												"type": "text/javascript",
												"exec": [
													"let body = JSON.parse(pm.globals.get('body'));\r",
													"body.query = body.query.replace(/Consumptions\\(/g, 'Consumptions(filter:{folderID: \"YXBpX2RldmVsb3BfQnVpbGRpbmdfNDc1\"}, ');\r",
													"pm.globals.set('body', JSON.stringify(body));"
												]
											}
										}
									],
									"request": {
										"url": "{{url}}/graphql",
										"method": "POST",
										"header": [],
										"body": {
											"mode": "raw",
											"raw": "{{body}}"
										},
										"description": ""
									},
									"response": []
								},
								{
									"name": "Currency",
									"request": {
										"url": "{{url}}/graphql",
										"method": "POST",
										"header": [],
										"body": {
											"mode": "raw",
											"raw": "{{body}}"
										},
										"description": ""
									},
									"response": []
								},
								{
									"name": "EnergyPriceList",
									"request": {
										"url": "{{url}}/graphql",
										"method": "POST",
										"header": [],
										"body": {
											"mode": "raw",
											"raw": "{{body}}"
										},
										"description": ""
									},
									"response": []
								},
								{
									"name": "EnergyType",
									"request": {
										"url": "{{url}}/graphql",
										"method": "POST",
										"header": [],
										"body": {
											"mode": "raw",
											"raw": "{{body}}"
										},
										"description": ""
									},
									"response": []
								},
								{
									"name": "MeterFunction",
									"request": {
										"url": "{{url}}/graphql",
										"method": "POST",
										"header": [],
										"body": {
											"mode": "raw",
											"raw": "{{body}}"
										},
										"description": ""
									},
									"response": []
								},
								{
									"name": "MeterType",
									"request": {
										"url": "{{url}}/graphql",
										"method": "POST",
										"header": [],
										"body": {
											"mode": "raw",
											"raw": "{{body}}"
										},
										"description": ""
									},
									"response": []
								},
								{
									"name": "MeterUnit",
									"request": {
										"url": "{{url}}/graphql",
										"method": "POST",
										"header": [],
										"body": {
											"mode": "raw",
											"raw": "{{body}}"
										},
										"description": ""
									},
									"response": []
								},
								{
									"name": "MeterValue",
									"request": {
										"url": "{{url}}/graphql",
										"method": "POST",
										"header": [],
										"body": {
											"mode": "raw",
											"raw": "{{body}}"
										},
										"description": ""
									},
									"response": []
								},
								{
									"name": "Meter",
									"request": {
										"url": "{{url}}/graphql",
										"method": "POST",
										"header": [],
										"body": {
											"mode": "raw",
											"raw": "{{body}}"
										},
										"description": ""
									},
									"response": []
								},
								{
									"name": "THmeter",
									"request": {
										"url": "{{url}}/graphql",
										"method": "POST",
										"header": [],
										"body": {
											"mode": "raw",
											"raw": "{{body}}"
										},
										"description": ""
									},
									"response": []
								},
								{
									"name": "User",
									"request": {
										"url": "{{url}}/graphql",
										"method": "POST",
										"header": [],
										"body": {
											"mode": "raw",
											"raw": "{{body}}"
										},
										"description": ""
									},
									"response": []
								},
								{
									"name": "UserRole",
									"request": {
										"url": "{{url}}/graphql",
										"method": "POST",
										"header": [],
										"body": {
											"mode": "raw",
											"raw": "{{body}}"
										},
										"description": ""
									},
									"response": []
								}
							],
							"_postman_isSubFolder": true
						}
					],
					"_postman_isSubFolder": true
				}
			]
		},
		{
			"name": "Tear down",
			"description": "",
			"item": []
		},
		{
			"name": "Logout",
			"description": "",
			"item": [
				{
					"name": "logout responds",
					"event": [
						{
							"listen": "test",
							"script": {
								"type": "text/javascript",
								"exec": [
									"pm.test('Response is a success', () => pm.response.to.be.success)\r",
									"\r",
									"pm.test('Response has body', () => pm.response.to.not.be.withBody)"
								]
							}
						}
					],
					"request": {
						"url": "{{url}}/logout",
						"method": "GET",
						"header": [],
						"body": {
							"mode": "raw",
							"raw": ""
						},
						"description": ""
					},
					"response": []
				},
				{
					"name": "Logout",
					"event": [
						{
							"listen": "test",
							"script": {
								"type": "text/javascript",
								"exec": [
									"pm.test(\"Posting with logged out credentials\", () => pm.response.to.be.success);",
									"",
									"pm.test(\"Response to be ok no content\", () => pm.response.to.have.status(204));",
									"",
									"pm.globals.clear();"
								]
							}
						}
					],
					"request": {
						"url": "{{url}}/logout",
						"method": "POST",
						"header": [],
						"body": {
							"mode": "raw",
							"raw": "{\r\n    \"refreshToken\": \"{{refreshToken}}\"\r\n}"
						},
						"description": ""
					},
					"response": []
				},
				{
					"name": "Access after logout",
					"event": [
						{
							"listen": "test",
							"script": {
								"type": "text/javascript",
								"exec": [
									"pm.test(\"Posting with logged out credentials\", () => pm.response.to.be.unauthorized);\r",
									"\r",
									"pm.globals.unset('body');\r",
									"pm.globals.unset('pageInfo');\r",
									"pm.globals.unset('pageSize');\r",
									"pm.globals.unset('cursors');\r",
									"pm.globals.unset('orderByEnums');"
								]
							}
						}
					],
					"request": {
						"url": "{{url}}/graphql",
						"method": "POST",
						"header": [],
						"body": {
							"mode": "raw",
							"raw": ""
						},
						"description": "Posting without credentials"
					},
					"response": []
				}
			]
		}
	]
}