{
	"id": "11432b02-386f-4c34-98dd-3502920d4897",
	"name": "ArrigoAPI.CCG_RemoteSupport",
	"values": [
		{
			"key": "url",
			"value": "https://arrigo.rssoftware.se/api",
			"enabled": true
		},
		{
			"key": "branch",
			"value": "prod",
			"enabled": true
		},
		{
			"key": "username",
			"value": "ccg_remotesupport",
			"enabled": true
		},
		{
			"key": "password",
			"value": "remote1234",
			"enabled": true
		},
		{
			"key": "account",
			"value": "api_develop",
			"enabled": true
		},
		{
			"key": "resTime",
			"value": "1200",
			"enabled": true
		},
		{
			"key": "ticket",
			"value": "ticket1secret",
			"enabled": true
		}
	],
	"_postman_variable_scope": "environment",
	"_postman_exported_at": "2022-05-12T12:22:33.856Z",
	"_postman_exported_using": "Postman/9.18.2"
}