{
	"id": "ec700ab2-324c-4d26-b413-96de929585dc",
	"name": "ArrigoAPI.CCG_User",
	"values": [
		{
			"key": "url",
			"value": "https://arrigo.rssoftware.se/api",
			"enabled": true
		},
		{
			"key": "branch",
			"value": "prod",
			"enabled": true
		},
		{
			"key": "username",
			"value": "ccg_user",
			"enabled": true
		},
		{
			"key": "password",
			"value": "user1234",
			"enabled": true
		},
		{
			"key": "account",
			"value": "api_develop",
			"enabled": true
		},
		{
			"key": "resTime",
			"value": "1200",
			"enabled": true
		},
		{
			"key": "ticket",
			"value": "ticket1secret",
			"enabled": true
		}
	],
	"_postman_variable_scope": "environment",
	"_postman_exported_at": "2022-05-12T12:22:44.619Z",
	"_postman_exported_using": "Postman/9.18.2"
}