﻿{
  "SubSites": {
    "defaultSite": "default",
    "sites": {
      "default": {
        "Name": "Default",
        "Title": "Hej hopp",
        "File": "",
        "SessionEvents": "sessionEvents.js",
        "OnStart": "var mWidth = this.width();\r\nthis.session.siteLayout.smallScreen = (mWidth < (this.session.theme.themeSizes.NormalListWidth.size() * 4) );"
      }
    }
  },
  "GlobalArguments": {
    "Controller": {
      "Name": "Controller",
      "Default": "This",
      "Inherit": true
    },
    "Area": {
      "Name": "Area",
      "Default": "",
      "Inherit": true
    },
    "SystemName": {
      "Name": "SystemName",
      "Default": "Controller web.",
      "Inherit": true
    },
    "WeatherLocation": {
      "Name": "WeatherLocation",
      "Default": "Landskrona",
      "Inherit": true
    }
  },
  "Languages": {
    "defaultLanguage": "sv",
    "defaultLanguageFile": "app",
    "languages": ["en", "sv", "pt"]
  }
}
